Publish Date,Score,sentiment
2018-12-31,True,True
2019-12-31,True,True
2020-09-22,True,True
2020-11-06,True,True
2021-01-25,True,True
2021-01-26,True,True
2021-02-05,True,True
2021-02-06,True,True
2021-02-07,True,True
2021-02-28,True,True
2021-03-01,True,True
2021-03-02,True,True
2021-03-06,True,True
2021-03-19,True,True
2021-03-20,True,True
2021-03-21,True,True
2021-03-22,True,True
2021-03-23,True,True
2021-03-24,True,True
2021-03-25,True,True
2021-03-26,True,True
2021-03-27,True,True
2021-04-11,True,True
2021-04-12,True,True
2021-04-13,True,True
